"Ralphs_13321 Jamboree Rd, Tustin, CA",Simple Truth™ Natural Cage Free Grain Fed Grade AA Large Brown Eggs,12 ct,3.49,https://www.kroger.com/product/images/medium/front/0001111079769,Eggs
"Ralphs_13321 Jamboree Rd, Tustin, CA",Simple Truth™ Natural Cage Free Grade AA Large Brown Eggs,18 ct,4.99,https://www.kroger.com/product/images/medium/front/0001111087374,Eggs
"Ralphs_13321 Jamboree Rd, Tustin, CA",Kroger® Grade AA Large Eggs Carton,12 ct,2.99,https://www.kroger.com/product/images/medium/front/0001111050516,Eggs
"Ralphs_13321 Jamboree Rd, Tustin, CA",Eggland's Best Grade A Large Eggs,12 ct,3.99,https://www.kroger.com/product/images/medium/front/0071514150349,Eggs
"Ralphs_13321 Jamboree Rd, Tustin, CA",Vital Farms Alfresco Pasture-Raised Grade A Large Eggs,12 ct,6.49,https://www.kroger.com/product/images/medium/front/0086174500001,Eggs
"Ralphs_13321 Jamboree Rd, Tustin, CA",Eggland's Best Grade A Extra Large Eggs,12 ct,4.29,https://www.kroger.com/product/images/medium/front/0071514172928,Eggs
"Ralphs_13321 Jamboree Rd, Tustin, CA",Just Crack An Egg All American Scramble Kit,3 oz,2.49,https://www.kroger.com/product/images/medium/front/0002100006751,Eggs
"Ralphs_13321 Jamboree Rd, Tustin, CA",Happy Egg Co. Free Range Grade A Large Brown Eggs,12 ct,5.49,https://www.kroger.com/product/images/medium/front/0088742200000,Eggs
"Ralphs_13321 Jamboree Rd, Tustin, CA",Pete and Gerry's Organic Free Range Large Eggs,12 ct,5.99,https://www.kroger.com/product/images/medium/front/0081565200214,Eggs
"Ralphs_13321 Jamboree Rd, Tustin, CA",Simple Truth Organic™ Cage Free Grade AA Large Brown Eggs,12 ct,4.99,https://www.kroger.com/product/images/medium/front/0001111079771,Eggs
"Ralphs_13321 Jamboree Rd, Tustin, CA",Just Crack An Egg Denver Scramble Kit,3 oz,2.49,https://www.kroger.com/product/images/medium/front/0002100006747,Eggs
"Ralphs_13321 Jamboree Rd, Tustin, CA",Kroger® Grade AA Medium Eggs 12 Count,12 ct,2.49,https://www.kroger.com/product/images/medium/front/0001111050506,Eggs
"Ralphs_13321 Jamboree Rd, Tustin, CA",Kroger®  Grade AA X-Large Eggs,12 ct,3.19,https://www.kroger.com/product/images/medium/front/0001111050518,Eggs
"Ralphs_13321 Jamboree Rd, Tustin, CA",Simple Truth Organic™ Cage Free Grade AA Large Brown Eggs,6 ct,2.99,https://www.kroger.com/product/images/medium/front/0001111085975,Eggs
"Ralphs_13321 Jamboree Rd, Tustin, CA",Kroger® Grade AA Large Eggs Carton,18 ct,3.99,https://www.kroger.com/product/images/medium/front/0001111050519,Eggs
"Ralphs_13321 Jamboree Rd, Tustin, CA",Kroger® Cage Free Liquid Egg Whites,16 oz,2.99,https://www.kroger.com/product/images/medium/front/0001111086564,Eggs
"Ralphs_13321 Jamboree Rd, Tustin, CA",Kroger Grade AA XL Eggs,18 ct,4.29,https://www.kroger.com/product/images/medium/front/0001111081141,Eggs
"Ralphs_13321 Jamboree Rd, Tustin, CA",Kroger® Cage Free Liquid Whole Eggs,16 oz,2.99,https://www.kroger.com/product/images/medium/front/0001111086570,Eggs
"Ralphs_13321 Jamboree Rd, Tustin, CA",Kroger® Grade AA Cage Free Large Brown Eggs,12 ct,3.49,https://www.kroger.com/product/images/medium/front/0001111090409,Eggs
"Ralphs_13321 Jamboree Rd, Tustin, CA",Just Egg Plant-Based Scramble,12 fl oz,5.99,https://www.kroger.com/product/images/medium/front/0019101100060,Eggs
"Ralphs_13321 Jamboree Rd, Tustin, CA",Simple Truth™ Cage Free 100% Liquid Egg Whites Carton,16 oz,4.99,https://www.kroger.com/product/images/medium/front/0001111004163,Eggs
"Ralphs_13321 Jamboree Rd, Tustin, CA",Blue Sky Pasture Raised Organic Eggs,12 ct,6.49,https://www.kroger.com/product/images/medium/front/0071537311660,Eggs
"Ralphs_13321 Jamboree Rd, Tustin, CA",Kroger® Grade AA Cage Free Large White Eggs,12 ct,3.49,https://www.kroger.com/product/images/medium/front/0001111090406,Eggs
"Ralphs_13321 Jamboree Rd, Tustin, CA",Simple Truth™ Pasture Raised Grade AA Large Brown Eggs,12 ct,4.69,https://www.kroger.com/product/images/medium/front/0001111086028,Eggs
"Ralphs_13321 Jamboree Rd, Tustin, CA",Kroger® Cage Free Egg Whites,32 oz,4.79,https://www.kroger.com/product/images/medium/front/0001111004164,Eggs
"Ralphs_13321 Jamboree Rd, Tustin, CA",Egg Beaters Original Real Egg Product,32 oz,7.49,https://www.kroger.com/product/images/medium/front/0007027200051,Eggs
"Ralphs_13321 Jamboree Rd, Tustin, CA",Egg Beaters Original Real Egg Product,32 oz,7.49,https://www.kroger.com/product/images/medium/front/0007027200051,Eggs
"Ralphs_13321 Jamboree Rd, Tustin, CA",Kroger® Cage Free Egg Substitute,32 oz,4.79,https://www.kroger.com/product/images/medium/front/0001111004165,Eggs
"Ralphs_13321 Jamboree Rd, Tustin, CA",Just Crack An Egg All American Scramble Kit,3 oz,2.49,https://www.kroger.com/product/images/medium/front/0002100006751,Eggs
"Ralphs_13321 Jamboree Rd, Tustin, CA",Bob Evans Cage-Free Liquid Egg Whites,32 oz,7.99,https://www.kroger.com/product/images/medium/front/0007590091960,Eggs
"Ralphs_13321 Jamboree Rd, Tustin, CA",Abbotsford Farms Cage Free Liquid Egg Whites,16 oz,5.49,https://www.kroger.com/product/images/medium/front/0001461622110,Eggs
"Ralphs_13321 Jamboree Rd, Tustin, CA",El Monterey Egg &amp; Sausage Breakfast Burrito,4.5 Oz,0.99,https://www.kroger.com/product/images/medium/front/0007100714478,Eggs
"Ralphs_13321 Jamboree Rd, Tustin, CA",Just Crack An Egg Denver Scramble Kit,3 oz,2.49,https://www.kroger.com/product/images/medium/front/0002100006747,Eggs
"Ralphs_13321 Jamboree Rd, Tustin, CA",Zia Italiana Extra Wide Egg Noodles,16 oz,1.17,https://www.kroger.com/product/images/medium/front/0001111089686,Eggs
"Ralphs_13321 Jamboree Rd, Tustin, CA",Jimmy Dean Sausage Egg &amp; Cheese Croissant Sandwiches 4 Count,18 oz,6.99,https://www.kroger.com/product/images/medium/front/0007790050210,Eggs
"Ralphs_13321 Jamboree Rd, Tustin, CA",El Monterey Egg Sausage Bacon Cheese Chimichanga,4.3 oz,0.99,https://www.kroger.com/product/images/medium/front/0007100717632,Eggs
"Ralphs_13321 Jamboree Rd, Tustin, CA",Kinder Joy Treat + Toy Cocoa Wafer Egg,0.7 oz,1.5,https://www.kroger.com/product/images/medium/front/0000980000052,Eggs
"Ralphs_13321 Jamboree Rd, Tustin, CA",Jimmy Dean Sausage Egg &amp; Cheese Breakfast Bowl,7 oz,3.29,https://www.kroger.com/product/images/medium/front/0007790047132,Eggs
"Ralphs_13321 Jamboree Rd, Tustin, CA",Jimmy Dean Sausage Egg &amp; Cheese Croissant Sandwiches 8 Count,36 oz,10.99,https://www.kroger.com/product/images/medium/front/0007790050308,Eggs
"Ralphs_13321 Jamboree Rd, Tustin, CA",Nasoya Vegan Egg Roll Wraps,1 lb,2.99,https://www.kroger.com/product/images/medium/front/0002548400732,Eggs
"Ralphs_13321 Jamboree Rd, Tustin, CA",Sweet Earth Natural Food Baja Breakfast Burrito,12 oz,2.99,https://www.kroger.com/product/images/medium/front/0001674121112,Eggs
"Ralphs_13321 Jamboree Rd, Tustin, CA",Jimmy Dean Sausage Egg &amp; Cheese Biscuit Sandwiches 4 Count,18 oz,6.99,https://www.kroger.com/product/images/medium/front/0007790050209,Eggs
"Ralphs_13321 Jamboree Rd, Tustin, CA",Kroger® Egg Mustard Potato Salad,3 lb,4.99,https://www.kroger.com/product/images/medium/front/0001111003321,Eggs
"Ralphs_13321 Jamboree Rd, Tustin, CA",El Monterey Simply Breakfast Egg Turkey Sausage and Cheese Breakfast Burrito,4 Oz,0.99,https://www.kroger.com/product/images/medium/front/0007100714766,Eggs
"Ralphs_13321 Jamboree Rd, Tustin, CA",Starbucks White Chocolate Mocha Liquid Coffee Creamer,28 fl oz,5.49,https://www.kroger.com/product/images/medium/front/0005000060081,Eggs
"Ralphs_13321 Jamboree Rd, Tustin, CA",Almark Hard Boiled Eggs,6 Eggs/9 Oz,3.99,https://www.kroger.com/product/images/medium/front/0004498400246,Eggs
"Ralphs_13321 Jamboree Rd, Tustin, CA",Jimmy Dean Sausage Egg &amp; Cheese Biscuit Roll-Ups 8 Count,12.8 oz,6.99,https://www.kroger.com/product/images/medium/front/0007790050223,Eggs
"Ralphs_13321 Jamboree Rd, Tustin, CA",Jimmy Dean Sausage Egg &amp; Cheese Biscuit Sandwiches 8 Count,36 oz,10.99,https://www.kroger.com/product/images/medium/front/0007790050311,Eggs
"Ralphs_13321 Jamboree Rd, Tustin, CA",Starbucks Caramel Macchiato Liquid Coffee Creamer,28 fl oz,5.49,https://www.kroger.com/product/images/medium/front/0005000038276,Eggs
"Ralphs_13321 Jamboree Rd, Tustin, CA",Cesar Classic Loaf in Sauce Grilled Steak &amp; Eggs Flavor Wet Dog Food,3.5 oz,0.95,https://www.kroger.com/product/images/medium/front/0002310033581,Eggs
"Ralphs_13321 Jamboree Rd, Tustin, CA",Chung's White Meat Chicken Egg Rolls 4 Count,4 ct / 12 oz,3.99,https://www.kroger.com/product/images/medium/front/0001125108805,Eggs
"Ralphs_13321 Jamboree Rd, Tustin, CA",Coffee-mate French Vanilla Liquid Coffee Creamer,32 fl oz,3.69,https://www.kroger.com/product/images/medium/front/0005000032275,Eggs
"Ralphs_13321 Jamboree Rd, Tustin, CA",Reames Homestyle Egg Noodles,12 oz,2.59,https://www.kroger.com/product/images/medium/front/0004130800027,Eggs
"Ralphs_13321 Jamboree Rd, Tustin, CA",Kroger® Wide Egg Noodles,12 oz,1.29,https://www.kroger.com/product/images/medium/front/0001111080468,Eggs
"Ralphs_13321 Jamboree Rd, Tustin, CA",Jimmy Dean Delights Turkey Sausage Egg White &amp; Cheese English Muffin Sandwiches 4 Count,20.4 oz,7.99,https://www.kroger.com/product/images/medium/front/0007790050241,Eggs
"Ralphs_13321 Jamboree Rd, Tustin, CA",Reser's Deviled Egg Potato Salad,16 oz,3.99,https://www.kroger.com/product/images/medium/front/0007111719038,Eggs
"Ralphs_13321 Jamboree Rd, Tustin, CA",Smart Ones Tasty American Favorites Breakfast Wrap Egg Sausage &amp; Cheese,8 oz,2.0,https://www.kroger.com/product/images/medium/front/0002580002774,Eggs
"Ralphs_13321 Jamboree Rd, Tustin, CA",Kroger Extra Wide Egg Noodles,12 oz,1.29,https://www.kroger.com/product/images/medium/front/0001111080469,Eggs
"Ralphs_13321 Jamboree Rd, Tustin, CA",Lean Pockets Sausage Egg &amp; Cheese Frozen Sandwiches,2 ct / 4.5 oz,2.0,https://www.kroger.com/product/images/medium/front/0004369551020,Eggs
"Ralphs_13321 Jamboree Rd, Tustin, CA",Blue Buffalo Bacon Egg &amp; Cheese Health Bars Natural Dog Biscuits,16 oz,6.99,https://www.kroger.com/product/images/medium/front/0084024310633,Eggs
"Ralphs_13321 Jamboree Rd, Tustin, CA",Kroger® Lite Turkey Sausage Egg &amp; Cheese English Muffins 2 Count,10 oz,2.69,https://www.kroger.com/product/images/medium/front/0001111090715,Eggs
"Ralphs_13321 Jamboree Rd, Tustin, CA",Chung's Vegetable Egg Rolls 4 Count,12 oz,3.99,https://www.kroger.com/product/images/medium/front/0001125108803,Eggs
"Ralphs_13321 Jamboree Rd, Tustin, CA",PAGODA Chicken Egg Rolls 8 Count,22 oz,6.49,https://www.kroger.com/product/images/medium/front/0007218067773,Eggs
"Ralphs_13321 Jamboree Rd, Tustin, CA",Reser's Fine Foods American Classics Deviled Egg Macaroni Salad,1 lb,3.99,https://www.kroger.com/product/images/medium/front/0007111719051,Eggs
"Ralphs_13321 Jamboree Rd, Tustin, CA",Kroger® Chinese Inspirations Egg Drop Soup Mix Packet,1 oz,0.59,https://www.kroger.com/product/images/medium/front/0001111002419,Eggs
"Ralphs_13321 Jamboree Rd, Tustin, CA",Kroger® Ham Egg &amp; Cheese English Muffin Sandwiches 2 Count,7.8 oz,2.69,https://www.kroger.com/product/images/medium/front/0001111089510,Eggs
"Ralphs_13321 Jamboree Rd, Tustin, CA",El Monterey Egg Applewood Smoked Bacon &amp; Cheese Burritos,36 oz,7.79,https://www.kroger.com/product/images/medium/front/0007100714159,Eggs
"Ralphs_13321 Jamboree Rd, Tustin, CA",Sweet Earth Natural Food Baja Breakfast Burrito,12 oz,2.99,https://www.kroger.com/product/images/medium/front/0001674121112,Eggs
"Ralphs_13321 Jamboree Rd, Tustin, CA",Jimmy Dean Egg Ham &amp; Cheese Biscuit Roll-Ups 8 Count,12.8 oz,6.99,https://www.kroger.com/product/images/medium/front/0007790050225,Eggs
"Ralphs_13321 Jamboree Rd, Tustin, CA",Jimmy Dean Bacon Egg &amp; Cheese Croissant Sandwiches 8/102 g,28.8 oz,10.99,https://www.kroger.com/product/images/medium/front/0007790050186,Eggs
"Ralphs_13321 Jamboree Rd, Tustin, CA",PAGODA Pork Egg Rolls 8 Count,22 oz,6.49,https://www.kroger.com/product/images/medium/front/0007218067774,Eggs
"Ralphs_13321 Jamboree Rd, Tustin, CA",Sweet Earth Curry Tiger Burrito,7 oz,2.99,https://www.kroger.com/product/images/medium/front/0001674181112,Eggs
"Ralphs_13321 Jamboree Rd, Tustin, CA",Quaker Dinosaur Eggs Brown Sugar Instant Oatmeal,8 ct / 1.76 oz,2.89,https://www.kroger.com/product/images/medium/front/0003000026291,Eggs
"Ralphs_13321 Jamboree Rd, Tustin, CA",Kroger® Peeled Egg Gouda &amp; Genoa Salami Protein Snack Medley,3.35 oz,2.49,https://www.kroger.com/product/images/medium/front/0001111084082,Eggs
"Ralphs_13321 Jamboree Rd, Tustin, CA",Evol Egg &amp; Green Chile Burrito,6 oz,2.29,https://www.kroger.com/product/images/medium/front/0089162700254,Eggs
"Ralphs_13321 Jamboree Rd, Tustin, CA",Sweet Earth Big Sur Breakfast Burrito,7 oz,2.99,https://www.kroger.com/product/images/medium/front/0001674111112,Eggs
"Ralphs_13321 Jamboree Rd, Tustin, CA",Coffee-mate Hazelnut Liquid Coffee Creamer,32 fl oz,3.69,https://www.kroger.com/product/images/medium/front/0005000032290,Eggs
"Ralphs_13321 Jamboree Rd, Tustin, CA",Evol Lean &amp; Fit Chicken Apple Sausage Egg &amp; Smoke Gouda Burrito,5 oz,1.99,https://www.kroger.com/product/images/medium/front/0089162700858,Eggs
"Ralphs_13321 Jamboree Rd, Tustin, CA",9Lives Tuna &amp; Egg Bits in Sauce,5.5 oz,0.79,https://www.kroger.com/product/images/medium/front/0007910000330,Eggs
"Ralphs_13321 Jamboree Rd, Tustin, CA",Three Bridges Uncured Bacon &amp; Cheese Egg Bites 2 Count,4.6 oz,3.5,https://www.kroger.com/product/images/medium/front/0074275334729,Eggs
"Ralphs_13321 Jamboree Rd, Tustin, CA",Three Bridges Uncured Bacon &amp; Cheese Egg Bites 2 Count,4.6 oz,3.5,https://www.kroger.com/product/images/medium/front/0074275334729,Eggs
"Ralphs_13321 Jamboree Rd, Tustin, CA",Manischewitz Wide Egg Noodles,12 oz,2.0,https://www.kroger.com/product/images/medium/front/0007270010405,Eggs
"Ralphs_13321 Jamboree Rd, Tustin, CA",Reser's Deviled Egg Potato Salad,3 Lb,7.99,https://www.kroger.com/product/images/medium/front/0007111700480,Eggs
"Ralphs_13321 Jamboree Rd, Tustin, CA",Kroger® Peeled Egg White Cheddar Cheese Dark Chocolate Almonds Protein Snack Medley,3.35 oz,2.49,https://www.kroger.com/product/images/medium/front/0001111084083,Eggs
"Ralphs_13321 Jamboree Rd, Tustin, CA",Evol Lean &amp; Fit Egg White &amp; Spinach Burrito,5 oz,1.99,https://www.kroger.com/product/images/medium/front/0089162700857,Eggs
"Ralphs_13321 Jamboree Rd, Tustin, CA",Three Bridges Country Style Sausage Egg Bites,4.6 oz,3.5,https://www.kroger.com/product/images/medium/front/0074275334727,Eggs
"Ralphs_13321 Jamboree Rd, Tustin, CA",Blue Buffalo Bacon Egg &amp; Cheese Health Bars Natural Dog Biscuits,16 oz,6.99,https://www.kroger.com/product/images/medium/front/0084024310633,Eggs
"Ralphs_13321 Jamboree Rd, Tustin, CA",Evol Spicy Uncured Bacon &amp; Egg Burrito,5 oz,1.99,https://www.kroger.com/product/images/medium/front/0089162700854,Eggs
"Ralphs_13321 Jamboree Rd, Tustin, CA",Kroger®  4% Milkfat Small Curd Cottage Cheese,24 oz,2.79,https://www.kroger.com/product/images/medium/front/0001111044400,Eggs
"Ralphs_13321 Jamboree Rd, Tustin, CA",Special K Sausage Egg &amp; Cheese Flatbread Breakfast Sandwich,4 ct / 4.1 oz,6.99,https://www.kroger.com/product/images/medium/front/0003800075859,Eggs
"Ralphs_13321 Jamboree Rd, Tustin, CA",Sweet Earth Natural Food Baja Breakfast Burrito,12 oz,2.99,https://www.kroger.com/product/images/medium/front/0001674121112,Eggs
"Ralphs_13321 Jamboree Rd, Tustin, CA",Kroger® CarbMaster™ Vanilla Cultured Dairy Blend,6 oz,0.5,https://www.kroger.com/product/images/medium/front/0001111050659,Eggs
"Ralphs_13321 Jamboree Rd, Tustin, CA",Sweet Earth Benevolent Bacon Egg &amp; Cheddar Flaxseed Breakfast Sandwich,4.1 oz,2.99,https://www.kroger.com/product/images/medium/front/0001674100034,Eggs
"Ralphs_13321 Jamboree Rd, Tustin, CA",Wolfgang Puck Free Range Chicken and Egg Noodles Soup,14.5 fl oz,3.29,https://www.kroger.com/product/images/medium/left/0085832876218,Eggs
"Ralphs_13321 Jamboree Rd, Tustin, CA",Banza Chickpea Penne Pasta,8 oz,3.99,https://www.kroger.com/product/images/medium/front/0085718300500,Eggs
"Ralphs_13321 Jamboree Rd, Tustin, CA",HemisFares™ Reginelle Lacy Ribbon Egg Pasta Nests,8.8 oz,2.99,https://www.kroger.com/product/images/medium/front/0001111082997,Eggs
"Ralphs_13321 Jamboree Rd, Tustin, CA",Kroger® Shredded Sharp Cheddar Cheese,8 oz,2.5,https://www.kroger.com/product/images/medium/front/0001111050158,Eggs
"Ralphs_13321 Jamboree Rd, Tustin, CA",Kraft American Cheese Singles,16 ct / 12 oz,4.79,https://www.kroger.com/product/images/medium/front/0002100060464,Eggs
"Ralphs_13321 Jamboree Rd, Tustin, CA",Banza Chickpea Shell Pasta,8 oz,3.99,https://www.kroger.com/product/images/medium/front/0085718300503,Eggs
"Ralphs_13321 Jamboree Rd, Tustin, CA",Friskies Flaked with Tuna &amp; Egg Wet Cat Food,5.5 oz,0.55,https://www.kroger.com/product/images/medium/front/0005000048024,Eggs
"Ralphs_13321 Jamboree Rd, Tustin, CA",Kellogg's Special K Egg Spinach &amp; Cheese Flatbread Sandwiches,13.4 oz,6.99,https://www.kroger.com/product/images/medium/front/0003800013122,Eggs
"Ralphs_13321 Jamboree Rd, Tustin, CA",Blue Buffalo Bacon Egg &amp; Cheese Pate Delights Small Breed Dog Food,3.5 oz,1.49,https://www.kroger.com/product/images/medium/front/0084024312057,Eggs
"Ralphs_13321 Jamboree Rd, Tustin, CA",Banza Spaghetti Chickpea Pasta,8 oz,3.99,https://www.kroger.com/product/images/medium/front/0085718300512,Eggs
"Ralphs_13321 Jamboree Rd, Tustin, CA",Manischewitz Fine Egg Noodles,12 oz,2.0,https://www.kroger.com/product/images/medium/front/0007270010403,Eggs
"Ralphs_13321 Jamboree Rd, Tustin, CA",Three Bridges Bell Pepper &amp; Cheese Egg Bites 2 Count,4.6 oz,3.5,https://www.kroger.com/product/images/medium/front/0074275334726,Eggs
"Ralphs_13321 Jamboree Rd, Tustin, CA",Philadelphia Original Cream Cheese,8 oz,1.99,https://www.kroger.com/product/images/medium/front/0002100061223,Eggs
"Ralphs_13321 Jamboree Rd, Tustin, CA",Healthy Choice Power Bowls Turkey Sausage &amp; Egg White Scramble,7.2 oz,4.5,https://www.kroger.com/product/images/medium/front/0007265500081,Eggs
"Ralphs_13321 Jamboree Rd, Tustin, CA",Sun-Bird Egg Drop Soup Mix,1 Oz,2.49,https://www.kroger.com/product/images/medium/front/0007488007500,Eggs
"Ralphs_13321 Jamboree Rd, Tustin, CA",Kraft American Cheese Singles,16 ct / 12 oz,4.79,https://www.kroger.com/product/images/medium/front/0002100060464,Eggs
"Ralphs_13321 Jamboree Rd, Tustin, CA",Sweet Earth Benevolent Bacon Egg &amp; Cheddar Flaxseed Breakfast Sandwich,4.1 oz,2.99,https://www.kroger.com/product/images/medium/front/0001674100034,Eggs
"Ralphs_13321 Jamboree Rd, Tustin, CA",EPIC Uncured Bacon Pork &amp; Egg Yolks Bar,1.5 oz,2.0,https://www.kroger.com/product/images/medium/front/0073215323611,Eggs
"Ralphs_13321 Jamboree Rd, Tustin, CA",Kroger® Original Cream Cheese,8 oz,1.59,https://www.kroger.com/product/images/medium/front/0001111089202,Eggs
"Ralphs_13321 Jamboree Rd, Tustin, CA",Kroger® Shredded Sharp Cheddar Cheese,8 oz,2.5,https://www.kroger.com/product/images/medium/front/0001111050158,Eggs
"Ralphs_13321 Jamboree Rd, Tustin, CA",Kroger® Heavy Whipping Cream,1 pt,4.49,https://www.kroger.com/product/images/medium/front/0001111050315,Eggs
"Ralphs_13321 Jamboree Rd, Tustin, CA",Land O’ Lakes Half Stick Salted Butter,16 oz,6.99,https://www.kroger.com/product/images/medium/front/0003450015181,Eggs
"Ralphs_13321 Jamboree Rd, Tustin, CA",9Lives Tuna &amp; Egg Bits in Sauce,5.5 oz,0.79,https://www.kroger.com/product/images/medium/front/0007910000330,Eggs
"Ralphs_13321 Jamboree Rd, Tustin, CA",Grandma's Wide Egg Noodles,11 Oz,3.49,https://www.kroger.com/product/images/medium/front/0007055300111,Eggs
"Ralphs_13321 Jamboree Rd, Tustin, CA",Manischewitz Extra Wide Egg Noodles,12 oz,2.0,https://www.kroger.com/product/images/medium/front/0007270010406,Eggs
"Ralphs_13321 Jamboree Rd, Tustin, CA",Kraft Shredded Mozzarella Natural Cheese,8 oz,4.19,https://www.kroger.com/product/images/medium/front/0002100005495,Eggs
"Ralphs_13321 Jamboree Rd, Tustin, CA",Kroger® Shredded Sharp Cheddar Cheese,16 Oz,4.79,https://www.kroger.com/product/images/medium/front/0001111058881,Eggs
"Ralphs_13321 Jamboree Rd, Tustin, CA",Kroger® Shredded Mexican Style Blend Cheese,8 oz,2.5,https://www.kroger.com/product/images/medium/front/0001111050204,Eggs
"Ralphs_13321 Jamboree Rd, Tustin, CA",Manischewitz Medium Egg Noodles,12 oz,2.0,https://www.kroger.com/product/images/medium/front/0007270010404,Eggs
"Ralphs_13321 Jamboree Rd, Tustin, CA",Kraft Finely Shredded Sharp Cheddar Cheese,8 oz,4.19,https://www.kroger.com/product/images/medium/front/0002100005500,Eggs
"Ralphs_13321 Jamboree Rd, Tustin, CA",Jose Ole Egg &amp; Sausage Breakfast Burrito,4 oz,1.19,https://www.kroger.com/product/images/medium/front/0007320289292,Eggs
"Ralphs_13321 Jamboree Rd, Tustin, CA",Kroger® 100% Grated Parmesan Cheese Bottle,8 oz,2.99,https://www.kroger.com/product/images/medium/front/0001111058033,Eggs
"Ralphs_13321 Jamboree Rd, Tustin, CA",Kroger® Shredded Mozzarella Cheese,8 oz,2.5,https://www.kroger.com/product/images/medium/front/0001111050159,Eggs
"Ralphs_13321 Jamboree Rd, Tustin, CA",Kraft Mild Cheddar Finely Shredded Natural Cheese,8 oz,4.19,https://www.kroger.com/product/images/medium/front/0002100005501,Eggs
"Ralphs_13321 Jamboree Rd, Tustin, CA",Kroger® Shredded Mild Cheddar Cheese,8 oz,2.5,https://www.kroger.com/product/images/medium/front/0001111050170,Eggs
"Ralphs_13321 Jamboree Rd, Tustin, CA",Kroger®  4% Milkfat Small Curd Cottage Cheese,24 oz,2.79,https://www.kroger.com/product/images/medium/front/0001111044400,Eggs
"Ralphs_13321 Jamboree Rd, Tustin, CA",Foo's Kitchen Soft Boiled Chicken Eggs,7.4 oz,3.69,https://www.kroger.com/product/images/medium/front/0063919265407,Eggs
"Ralphs_13321 Jamboree Rd, Tustin, CA",Tillamook Mozzarella Farmstyle Cut Shredded Cheese,8 oz,4.49,https://www.kroger.com/product/images/medium/front/0007283001121,Eggs
"Ralphs_13321 Jamboree Rd, Tustin, CA",Pro Fusion Hard Yolk Preserved Duck Eggs,6 ct,3.49,https://www.kroger.com/product/images/medium/front/0063919285004,Eggs
"Ralphs_13321 Jamboree Rd, Tustin, CA",Golden Happiness Egg Custard Steamed Buns 6 Count,10.7 oz,2.19,https://www.kroger.com/product/images/medium/front/0077672990506,Eggs
"Ralphs_13321 Jamboree Rd, Tustin, CA",Realgood Bacon Egg &amp; Cheese Breakfast Sandwich 4 Count,15 oz,8.99,https://www.kroger.com/product/images/medium/front/0085832400669,Eggs
"Ralphs_13321 Jamboree Rd, Tustin, CA",Good Food Made Simple Egg White Patties,10 oz,4.89,https://www.kroger.com/product/images/medium/front/0008061841204,Eggs
"Ralphs_13321 Jamboree Rd, Tustin, CA",Evol Spicy Uncured Bacon &amp; Egg Burrito,5 oz,1.99,https://www.kroger.com/product/images/medium/front/0089162700854,Eggs
